{"inputUnits":[63],"outputUnits":3,"inputs":{"0":{"dtype":"number","min":0.15160346031188965,"max":0.7374603152275085},"1":{"dtype":"number","min":0.5562556385993958,"max":0.9549221992492676},"2":{"dtype":"number","min":-2.4473169446537213e-7,"max":6.447999112424441e-7},"3":{"dtype":"number","min":0.19715572893619537,"max":0.8016108274459839},"4":{"dtype":"number","min":0.4856101870536804,"max":0.9200778603553772},"5":{"dtype":"number","min":-0.04049887880682945,"max":0.040552861988544464},"6":{"dtype":"number","min":0.21261894702911377,"max":0.8587098717689514},"7":{"dtype":"number","min":0.4050881564617157,"max":0.9075627326965332},"8":{"dtype":"number","min":-0.057882390916347504,"max":0.040841203182935715},"9":{"dtype":"number","min":0.239471435546875,"max":0.9057029485702515},"10":{"dtype":"number","min":0.36271151900291443,"max":0.8979254961013794},"11":{"dtype":"number","min":-0.07402590662240982,"max":0.024858970195055008},"12":{"dtype":"number","min":0.24303464591503143,"max":0.9490934610366821},"13":{"dtype":"number","min":0.34764793515205383,"max":0.8929718136787415},"14":{"dtype":"number","min":-0.09175161272287369,"max":0.009332317858934402},"15":{"dtype":"number","min":0.20707713067531586,"max":0.8276692032814026},"16":{"dtype":"number","min":0.34399500489234924,"max":0.8282710909843445},"17":{"dtype":"number","min":-0.04440276324748993,"max":0.03404463455080986},"18":{"dtype":"number","min":0.20228885114192963,"max":0.875957727432251},"19":{"dtype":"number","min":0.25113773345947266,"max":0.7835254669189453},"20":{"dtype":"number","min":-0.07348860800266266,"max":0.020183753222227097},"21":{"dtype":"number","min":0.19900034368038177,"max":0.9008817672729492},"22":{"dtype":"number","min":0.1890815794467926,"max":0.7545039057731628},"23":{"dtype":"number","min":-0.09442716091871262,"max":0.012419668957591057},"24":{"dtype":"number","min":0.19480463862419128,"max":0.9191573858261108},"25":{"dtype":"number","min":0.13465383648872375,"max":0.7327033281326294},"26":{"dtype":"number","min":-0.10925523936748505,"max":0.007400295231491327},"27":{"dtype":"number","min":0.1846049726009369,"max":0.7881046533584595},"28":{"dtype":"number","min":0.3283599615097046,"max":0.8135946393013},"29":{"dtype":"number","min":-0.04986145347356796,"max":0.013012470677495003},"30":{"dtype":"number","min":0.19401825964450836,"max":0.8114084601402283},"31":{"dtype":"number","min":0.22271175682544708,"max":0.7493069171905518},"32":{"dtype":"number","min":-0.07613648474216461,"max":0.0054178135469555855},"33":{"dtype":"number","min":0.19722168147563934,"max":0.8247002363204956},"34":{"dtype":"number","min":0.14242956042289734,"max":0.7442512512207031},"35":{"dtype":"number","min":-0.09564925730228424,"max":-0.003236111020669341},"36":{"dtype":"number","min":0.19931408762931824,"max":0.8414427638053894},"37":{"dtype":"number","min":0.07618886232376099,"max":0.7701665163040161},"38":{"dtype":"number","min":-0.10966260731220245,"max":-0.008240907453000546},"39":{"dtype":"number","min":0.14705301821231842,"max":0.7935889363288879},"40":{"dtype":"number","min":0.3355795741081238,"max":0.8516117334365845},"41":{"dtype":"number","min":-0.05821242928504944,"max":-0.002571431454271078},"42":{"dtype":"number","min":0.15106195211410522,"max":0.8130820393562317},"43":{"dtype":"number","min":0.23651643097400665,"max":0.7836055755615234},"44":{"dtype":"number","min":-0.08399862796068192,"max":-0.01148644182831049},"45":{"dtype":"number","min":0.1541893184185028,"max":0.8187528848648071},"46":{"dtype":"number","min":0.1734851896762848,"max":0.7860921621322632},"47":{"dtype":"number","min":-0.101270891726017,"max":-0.007798528298735619},"48":{"dtype":"number","min":0.15933364629745483,"max":0.8101687431335449},"49":{"dtype":"number","min":0.11860132217407227,"max":0.8060054183006287},"50":{"dtype":"number","min":-0.113165944814682,"max":-0.0029757542070001364},"51":{"dtype":"number","min":0.1079571321606636,"max":0.8202464580535889},"52":{"dtype":"number","min":0.36151811480522156,"max":0.8869736790657043},"53":{"dtype":"number","min":-0.08493652939796448,"max":-0.009597625583410263},"54":{"dtype":"number","min":0.09965004771947861,"max":0.8230505585670471},"55":{"dtype":"number","min":0.29276224970817566,"max":0.8252527117729187},"56":{"dtype":"number","min":-0.0990239605307579,"max":-0.009868900291621685},"57":{"dtype":"number","min":0.09618821740150452,"max":0.8266798257827759},"58":{"dtype":"number","min":0.24534350633621216,"max":0.8236135840415955},"59":{"dtype":"number","min":-0.10656663030385971,"max":-0.00282206735573709},"60":{"dtype":"number","min":0.095375657081604,"max":0.8281980156898499},"61":{"dtype":"number","min":0.1997923105955124,"max":0.8404977917671204},"62":{"dtype":"number","min":-0.11373625695705414,"max":0.004924924112856388}},"outputs":{"label":{"dtype":"string","min":0,"max":1,"uniqueValues":["fullscreen","mute","pause"],"legend":{"fullscreen":[1,0,0],"mute":[0,1,0],"pause":[0,0,1]}}},"isNormalized":true}