{"inputUnits":[42],"outputUnits":3,"inputs":{"0":{"dtype":"number","min":0.22405803203582764,"max":0.7775612473487854},"1":{"dtype":"number","min":0.4215511679649353,"max":0.9662079811096191},"2":{"dtype":"number","min":0.18559686839580536,"max":0.7599549293518066},"3":{"dtype":"number","min":0.42645707726478577,"max":0.8862648010253906},"4":{"dtype":"number","min":0.161773219704628,"max":0.7498980760574341},"5":{"dtype":"number","min":0.38960811495780945,"max":0.8424856066703796},"6":{"dtype":"number","min":0.14689673483371735,"max":0.7624691724777222},"7":{"dtype":"number","min":0.3367842137813568,"max":0.8143119215965271},"8":{"dtype":"number","min":0.12956416606903076,"max":0.7747009992599487},"9":{"dtype":"number","min":0.29754823446273804,"max":0.8141686916351318},"10":{"dtype":"number","min":0.19365240633487701,"max":0.7866121530532837},"11":{"dtype":"number","min":0.33740371465682983,"max":0.8196657299995422},"12":{"dtype":"number","min":0.19791492819786072,"max":0.7968600392341614},"13":{"dtype":"number","min":0.2579069137573242,"max":0.8303091526031494},"14":{"dtype":"number","min":0.18171699345111847,"max":0.804343581199646},"15":{"dtype":"number","min":0.20828436315059662,"max":0.8348915576934814},"16":{"dtype":"number","min":0.16083864867687225,"max":0.8110648989677429},"17":{"dtype":"number","min":0.16728012263774872,"max":0.856883704662323},"18":{"dtype":"number","min":0.21493837237358093,"max":0.8031322956085205},"19":{"dtype":"number","min":0.31896084547042847,"max":0.7919358611106873},"20":{"dtype":"number","min":0.18806764483451843,"max":0.8190914392471313},"21":{"dtype":"number","min":0.2236114889383316,"max":0.7758619785308838},"22":{"dtype":"number","min":0.16352970898151398,"max":0.8297955393791199},"23":{"dtype":"number","min":0.163570374250412,"max":0.8089377284049988},"24":{"dtype":"number","min":0.1440296769142151,"max":0.8387997150421143},"25":{"dtype":"number","min":0.11701339483261108,"max":0.8396095633506775},"26":{"dtype":"number","min":0.2264503538608551,"max":0.8175097703933716},"27":{"dtype":"number","min":0.3148763179779053,"max":0.810022234916687},"28":{"dtype":"number","min":0.18887844681739807,"max":0.8335860967636108},"29":{"dtype":"number","min":0.22318318486213684,"max":0.8009430170059204},"30":{"dtype":"number","min":0.1666724681854248,"max":0.8450541496276855},"31":{"dtype":"number","min":0.16604965925216675,"max":0.8264868855476379},"32":{"dtype":"number","min":0.1479034721851349,"max":0.8543775081634521},"33":{"dtype":"number","min":0.11965027451515198,"max":0.8422187566757202},"34":{"dtype":"number","min":0.22606748342514038,"max":0.829416811466217},"35":{"dtype":"number","min":0.3181832432746887,"max":0.8327340483665466},"36":{"dtype":"number","min":0.20009776949882507,"max":0.8464381098747253},"37":{"dtype":"number","min":0.2586399018764496,"max":0.8241103887557983},"38":{"dtype":"number","min":0.18552520871162415,"max":0.858181357383728},"39":{"dtype":"number","min":0.20921461284160614,"max":0.8424476385116577},"40":{"dtype":"number","min":0.17228612303733826,"max":0.8690000176429749},"41":{"dtype":"number","min":0.16611352562904358,"max":0.8533080816268921}},"outputs":{"label":{"dtype":"string","min":0,"max":1,"uniqueValues":["pause","mute","fullscreen"],"legend":{"pause":[1,0,0],"mute":[0,1,0],"fullscreen":[0,0,1]}}},"isNormalized":true}