{"inputUnits":[42],"outputUnits":3,"inputs":{"0":{"dtype":"number","min":0.10871621966362,"max":0.6647512316703796},"1":{"dtype":"number","min":0.6084330081939697,"max":0.8816688060760498},"2":{"dtype":"number","min":0.11619020998477936,"max":0.632716178894043},"3":{"dtype":"number","min":0.509520411491394,"max":0.8240326642990112},"4":{"dtype":"number","min":0.12129673361778259,"max":0.6277766227722168},"5":{"dtype":"number","min":0.4318300783634186,"max":0.771340012550354},"6":{"dtype":"number","min":0.11481738835573196,"max":0.6440163850784302},"7":{"dtype":"number","min":0.3973868787288666,"max":0.7311108112335205},"8":{"dtype":"number","min":0.08966903388500214,"max":0.6633400321006775},"9":{"dtype":"number","min":0.3837013840675354,"max":0.6879513263702393},"10":{"dtype":"number","min":0.10712183266878128,"max":0.6388100981712341},"11":{"dtype":"number","min":0.39432966709136963,"max":0.7024266719818115},"12":{"dtype":"number","min":0.10846538841724396,"max":0.6290583610534668},"13":{"dtype":"number","min":0.2838336229324341,"max":0.6470609903335571},"14":{"dtype":"number","min":0.10950464010238647,"max":0.6261318922042847},"15":{"dtype":"number","min":0.22078478336334229,"max":0.6061780452728271},"16":{"dtype":"number","min":0.10784342885017395,"max":0.6255537271499634},"17":{"dtype":"number","min":0.17224310338497162,"max":0.5727150440216064},"18":{"dtype":"number","min":0.12451079487800598,"max":0.6725521087646484},"19":{"dtype":"number","min":0.400547593832016,"max":0.7115607857704163},"20":{"dtype":"number","min":0.1265348196029663,"max":0.6768136620521545},"21":{"dtype":"number","min":0.27521640062332153,"max":0.6770970225334167},"22":{"dtype":"number","min":0.12013258785009384,"max":0.6789828538894653},"23":{"dtype":"number","min":0.2028963416814804,"max":0.7277452349662781},"24":{"dtype":"number","min":0.11445283889770508,"max":0.6818225979804993},"25":{"dtype":"number","min":0.14745846390724182,"max":0.761752188205719},"26":{"dtype":"number","min":0.10555323213338852,"max":0.701670229434967},"27":{"dtype":"number","min":0.417311429977417,"max":0.7388048768043518},"28":{"dtype":"number","min":0.09014412015676498,"max":0.7082434892654419},"29":{"dtype":"number","min":0.30895134806632996,"max":0.6998600363731384},"30":{"dtype":"number","min":0.09475048631429672,"max":0.7088820338249207},"31":{"dtype":"number","min":0.24974624812602997,"max":0.7458266615867615},"32":{"dtype":"number","min":0.09925545752048492,"max":0.7115944623947144},"33":{"dtype":"number","min":0.20162297785282135,"max":0.7774034738540649},"34":{"dtype":"number","min":0.08215603232383728,"max":0.7219459414482117},"35":{"dtype":"number","min":0.4480831027030945,"max":0.7708184719085693},"36":{"dtype":"number","min":0.07062181830406189,"max":0.7126408219337463},"37":{"dtype":"number","min":0.3805924355983734,"max":0.7216690182685852},"38":{"dtype":"number","min":0.07549940794706345,"max":0.697985053062439},"39":{"dtype":"number","min":0.3999909460544586,"max":0.7508664131164551},"40":{"dtype":"number","min":0.08153356611728668,"max":0.6933960318565369},"41":{"dtype":"number","min":0.428557425737381,"max":0.7757213115692139}},"outputs":{"label":{"dtype":"string","min":0,"max":1,"uniqueValues":["pause","mute","fullscreen"],"legend":{"pause":[1,0,0],"mute":[0,1,0],"fullscreen":[0,0,1]}}},"isNormalized":true}